<annotation>
	<folder>boring</folder>
	<filename>bt14.jpg</filename>
	<path>D:\smartfix\bajaj crank case\training set\boring\bt14.jpg</path>
	<source>
		<database>Unknown</database>
	</source>
	<size>
		<width>225</width>
		<height>225</height>
		<depth>3</depth>
	</size>
	<segmented>0</segmented>
	<object>
		<name>boring</name>
		<pose>Unspecified</pose>
		<truncated>0</truncated>
		<difficult>0</difficult>
		<bndbox>
			<xmin>2</xmin>
			<ymin>8</ymin>
			<xmax>31</xmax>
			<ymax>45</ymax>
		</bndbox>
	</object>
	<object>
		<name>boring</name>
		<pose>Unspecified</pose>
		<truncated>0</truncated>
		<difficult>0</difficult>
		<bndbox>
			<xmin>38</xmin>
			<ymin>8</ymin>
			<xmax>69</xmax>
			<ymax>48</ymax>
		</bndbox>
	</object>
	<object>
		<name>boring</name>
		<pose>Unspecified</pose>
		<truncated>0</truncated>
		<difficult>0</difficult>
		<bndbox>
			<xmin>74</xmin>
			<ymin>5</ymin>
			<xmax>109</xmax>
			<ymax>48</ymax>
		</bndbox>
	</object>
	<object>
		<name>boring</name>
		<pose>Unspecified</pose>
		<truncated>0</truncated>
		<difficult>0</difficult>
		<bndbox>
			<xmin>112</xmin>
			<ymin>3</ymin>
			<xmax>146</xmax>
			<ymax>41</ymax>
		</bndbox>
	</object>
	<object>
		<name>boring</name>
		<pose>Unspecified</pose>
		<truncated>0</truncated>
		<difficult>0</difficult>
		<bndbox>
			<xmin>151</xmin>
			<ymin>5</ymin>
			<xmax>183</xmax>
			<ymax>48</ymax>
		</bndbox>
	</object>
</annotation>
