<annotation>
	<folder>boring</folder>
	<filename>bt16.jpg</filename>
	<path>D:\smartfix\bajaj crank case\training set\boring\bt16.jpg</path>
	<source>
		<database>Unknown</database>
	</source>
	<size>
		<width>301</width>
		<height>167</height>
		<depth>3</depth>
	</size>
	<segmented>0</segmented>
	<object>
		<name>boring</name>
		<pose>Unspecified</pose>
		<truncated>0</truncated>
		<difficult>0</difficult>
		<bndbox>
			<xmin>34</xmin>
			<ymin>114</ymin>
			<xmax>78</xmax>
			<ymax>163</ymax>
		</bndbox>
	</object>
</annotation>
