<annotation>
	<folder>boring</folder>
	<filename>bt2.jpg</filename>
	<path>D:\smartfix\bajaj crank case\training set\boring\bt2.jpg</path>
	<source>
		<database>Unknown</database>
	</source>
	<size>
		<width>225</width>
		<height>225</height>
		<depth>3</depth>
	</size>
	<segmented>0</segmented>
	<object>
		<name>boring</name>
		<pose>Unspecified</pose>
		<truncated>0</truncated>
		<difficult>0</difficult>
		<bndbox>
			<xmin>3</xmin>
			<ymin>85</ymin>
			<xmax>44</xmax>
			<ymax>125</ymax>
		</bndbox>
	</object>
	<object>
		<name>boring</name>
		<pose>Unspecified</pose>
		<truncated>0</truncated>
		<difficult>0</difficult>
		<bndbox>
			<xmin>3</xmin>
			<ymin>128</ymin>
			<xmax>40</xmax>
			<ymax>162</ymax>
		</bndbox>
	</object>
	<object>
		<name>boring</name>
		<pose>Unspecified</pose>
		<truncated>0</truncated>
		<difficult>0</difficult>
		<bndbox>
			<xmin>32</xmin>
			<ymin>158</ymin>
			<xmax>77</xmax>
			<ymax>200</ymax>
		</bndbox>
	</object>
</annotation>
