<annotation>
	<folder>boring</folder>
	<filename>bt29.jpg</filename>
	<path>D:\smartfix\bajaj crank case\training set\boring\bt29.jpg</path>
	<source>
		<database>Unknown</database>
	</source>
	<size>
		<width>275</width>
		<height>183</height>
		<depth>3</depth>
	</size>
	<segmented>0</segmented>
	<object>
		<name>boring</name>
		<pose>Unspecified</pose>
		<truncated>0</truncated>
		<difficult>0</difficult>
		<bndbox>
			<xmin>74</xmin>
			<ymin>38</ymin>
			<xmax>172</xmax>
			<ymax>162</ymax>
		</bndbox>
	</object>
</annotation>
