<annotation>
	<folder>boring</folder>
	<filename>bt34.jpg</filename>
	<path>D:\smartfix\bajaj crank case\training set\boring\bt34.jpg</path>
	<source>
		<database>Unknown</database>
	</source>
	<size>
		<width>293</width>
		<height>172</height>
		<depth>3</depth>
	</size>
	<segmented>0</segmented>
	<object>
		<name>boring</name>
		<pose>Unspecified</pose>
		<truncated>0</truncated>
		<difficult>0</difficult>
		<bndbox>
			<xmin>176</xmin>
			<ymin>71</ymin>
			<xmax>267</xmax>
			<ymax>161</ymax>
		</bndbox>
	</object>
</annotation>
