<annotation>
	<folder>boring</folder>
	<filename>bt37.jpg</filename>
	<path>D:\smartfix\bajaj crank case\training set\boring\bt37.jpg</path>
	<source>
		<database>Unknown</database>
	</source>
	<size>
		<width>246</width>
		<height>205</height>
		<depth>3</depth>
	</size>
	<segmented>0</segmented>
	<object>
		<name>boring</name>
		<pose>Unspecified</pose>
		<truncated>1</truncated>
		<difficult>0</difficult>
		<bndbox>
			<xmin>88</xmin>
			<ymin>1</ymin>
			<xmax>169</xmax>
			<ymax>84</ymax>
		</bndbox>
	</object>
</annotation>
