<annotation>
	<folder>boring</folder>
	<filename>bt46.jpg</filename>
	<path>D:\smartfix\bajaj crank case\training set\boring\bt46.jpg</path>
	<source>
		<database>Unknown</database>
	</source>
	<size>
		<width>272</width>
		<height>186</height>
		<depth>3</depth>
	</size>
	<segmented>0</segmented>
	<object>
		<name>boring</name>
		<pose>Unspecified</pose>
		<truncated>0</truncated>
		<difficult>0</difficult>
		<bndbox>
			<xmin>23</xmin>
			<ymin>84</ymin>
			<xmax>90</xmax>
			<ymax>171</ymax>
		</bndbox>
	</object>
</annotation>
