<annotation>
	<folder>drilling</folder>
	<filename>dt1.jpg</filename>
	<path>D:\smartfix\bajaj crank case\training set\drilling\dt1.jpg</path>
	<source>
		<database>Unknown</database>
	</source>
	<size>
		<width>284</width>
		<height>177</height>
		<depth>3</depth>
	</size>
	<segmented>0</segmented>
	<object>
		<name>drilling</name>
		<pose>Unspecified</pose>
		<truncated>0</truncated>
		<difficult>0</difficult>
		<bndbox>
			<xmin>46</xmin>
			<ymin>116</ymin>
			<xmax>115</xmax>
			<ymax>167</ymax>
		</bndbox>
	</object>
	<object>
		<name>drilling</name>
		<pose>Unspecified</pose>
		<truncated>1</truncated>
		<difficult>0</difficult>
		<bndbox>
			<xmin>116</xmin>
			<ymin>111</ymin>
			<xmax>158</xmax>
			<ymax>177</ymax>
		</bndbox>
	</object>
</annotation>
