<annotation>
	<folder>drilling</folder>
	<filename>dt23.jpg</filename>
	<path>D:\smartfix\bajaj crank case\training set\drilling\dt23.jpg</path>
	<source>
		<database>Unknown</database>
	</source>
	<size>
		<width>281</width>
		<height>180</height>
		<depth>3</depth>
	</size>
	<segmented>0</segmented>
	<object>
		<name>drilling</name>
		<pose>Unspecified</pose>
		<truncated>0</truncated>
		<difficult>0</difficult>
		<bndbox>
			<xmin>72</xmin>
			<ymin>41</ymin>
			<xmax>114</xmax>
			<ymax>101</ymax>
		</bndbox>
	</object>
	<object>
		<name>drilling</name>
		<pose>Unspecified</pose>
		<truncated>0</truncated>
		<difficult>0</difficult>
		<bndbox>
			<xmin>124</xmin>
			<ymin>4</ymin>
			<xmax>178</xmax>
			<ymax>51</ymax>
		</bndbox>
	</object>
</annotation>
