<annotation>
	<folder>drilling</folder>
	<filename>dt32.jpg</filename>
	<path>D:\smartfix\bajaj crank case\training set\drilling\dt32.jpg</path>
	<source>
		<database>Unknown</database>
	</source>
	<size>
		<width>270</width>
		<height>187</height>
		<depth>3</depth>
	</size>
	<segmented>0</segmented>
	<object>
		<name>drilling</name>
		<pose>Unspecified</pose>
		<truncated>1</truncated>
		<difficult>0</difficult>
		<bndbox>
			<xmin>8</xmin>
			<ymin>109</ymin>
			<xmax>107</xmax>
			<ymax>187</ymax>
		</bndbox>
	</object>
</annotation>
