<annotation>
	<folder>drilling</folder>
	<filename>dt33.jpg</filename>
	<path>D:\smartfix\bajaj crank case\training set\drilling\dt33.jpg</path>
	<source>
		<database>Unknown</database>
	</source>
	<size>
		<width>237</width>
		<height>213</height>
		<depth>3</depth>
	</size>
	<segmented>0</segmented>
	<object>
		<name>drilling</name>
		<pose>Unspecified</pose>
		<truncated>0</truncated>
		<difficult>0</difficult>
		<bndbox>
			<xmin>10</xmin>
			<ymin>95</ymin>
			<xmax>68</xmax>
			<ymax>137</ymax>
		</bndbox>
	</object>
	<object>
		<name>drilling</name>
		<pose>Unspecified</pose>
		<truncated>0</truncated>
		<difficult>0</difficult>
		<bndbox>
			<xmin>95</xmin>
			<ymin>119</ymin>
			<xmax>157</xmax>
			<ymax>169</ymax>
		</bndbox>
	</object>
</annotation>
