<annotation>
	<folder>drilling</folder>
	<filename>dt34.jpg</filename>
	<path>D:\smartfix\bajaj crank case\training set\drilling\dt34.jpg</path>
	<source>
		<database>Unknown</database>
	</source>
	<size>
		<width>266</width>
		<height>190</height>
		<depth>3</depth>
	</size>
	<segmented>0</segmented>
	<object>
		<name>drilling</name>
		<pose>Unspecified</pose>
		<truncated>0</truncated>
		<difficult>0</difficult>
		<bndbox>
			<xmin>81</xmin>
			<ymin>69</ymin>
			<xmax>126</xmax>
			<ymax>128</ymax>
		</bndbox>
	</object>
</annotation>
