<annotation>
	<folder>drilling</folder>
	<filename>dt37.jpg</filename>
	<path>D:\smartfix\bajaj crank case\training set\drilling\dt37.jpg</path>
	<source>
		<database>Unknown</database>
	</source>
	<size>
		<width>266</width>
		<height>190</height>
		<depth>3</depth>
	</size>
	<segmented>0</segmented>
	<object>
		<name>drilling</name>
		<pose>Unspecified</pose>
		<truncated>1</truncated>
		<difficult>0</difficult>
		<bndbox>
			<xmin>87</xmin>
			<ymin>1</ymin>
			<xmax>140</xmax>
			<ymax>53</ymax>
		</bndbox>
	</object>
	<object>
		<name>drilling</name>
		<pose>Unspecified</pose>
		<truncated>0</truncated>
		<difficult>0</difficult>
		<bndbox>
			<xmin>80</xmin>
			<ymin>54</ymin>
			<xmax>149</xmax>
			<ymax>104</ymax>
		</bndbox>
	</object>
	<object>
		<name>drilling</name>
		<pose>Unspecified</pose>
		<truncated>0</truncated>
		<difficult>0</difficult>
		<bndbox>
			<xmin>82</xmin>
			<ymin>104</ymin>
			<xmax>143</xmax>
			<ymax>148</ymax>
		</bndbox>
	</object>
	<object>
		<name>drilling</name>
		<pose>Unspecified</pose>
		<truncated>0</truncated>
		<difficult>0</difficult>
		<bndbox>
			<xmin>77</xmin>
			<ymin>150</ymin>
			<xmax>146</xmax>
			<ymax>188</ymax>
		</bndbox>
	</object>
</annotation>
