<annotation>
	<folder>drilling</folder>
	<filename>dt49.jpg</filename>
	<path>D:\smartfix\bajaj crank case\training set\drilling\dt49.jpg</path>
	<source>
		<database>Unknown</database>
	</source>
	<size>
		<width>299</width>
		<height>168</height>
		<depth>3</depth>
	</size>
	<segmented>0</segmented>
	<object>
		<name>drilling</name>
		<pose>Unspecified</pose>
		<truncated>1</truncated>
		<difficult>0</difficult>
		<bndbox>
			<xmin>1</xmin>
			<ymin>1</ymin>
			<xmax>56</xmax>
			<ymax>49</ymax>
		</bndbox>
	</object>
	<object>
		<name>drilling</name>
		<pose>Unspecified</pose>
		<truncated>0</truncated>
		<difficult>0</difficult>
		<bndbox>
			<xmin>51</xmin>
			<ymin>50</ymin>
			<xmax>89</xmax>
			<ymax>92</ymax>
		</bndbox>
	</object>
	<object>
		<name>drilling</name>
		<pose>Unspecified</pose>
		<truncated>0</truncated>
		<difficult>0</difficult>
		<bndbox>
			<xmin>73</xmin>
			<ymin>11</ymin>
			<xmax>131</xmax>
			<ymax>56</ymax>
		</bndbox>
	</object>
</annotation>
