<annotation>
	<folder>drilling</folder>
	<filename>dt7.jpg</filename>
	<path>D:\smartfix\bajaj crank case\training set\drilling\dt7.jpg</path>
	<source>
		<database>Unknown</database>
	</source>
	<size>
		<width>225</width>
		<height>225</height>
		<depth>3</depth>
	</size>
	<segmented>0</segmented>
	<object>
		<name>drilling</name>
		<pose>Unspecified</pose>
		<truncated>0</truncated>
		<difficult>0</difficult>
		<bndbox>
			<xmin>16</xmin>
			<ymin>36</ymin>
			<xmax>207</xmax>
			<ymax>130</ymax>
		</bndbox>
	</object>
</annotation>
