<annotation>
	<folder>facemill</folder>
	<filename>fm20.jpg</filename>
	<path>D:\smartfix\bajaj crank case\training set\facemill\fm20.jpg</path>
	<source>
		<database>Unknown</database>
	</source>
	<size>
		<width>251</width>
		<height>201</height>
		<depth>3</depth>
	</size>
	<segmented>0</segmented>
	<object>
		<name>facemill</name>
		<pose>Unspecified</pose>
		<truncated>0</truncated>
		<difficult>0</difficult>
		<bndbox>
			<xmin>34</xmin>
			<ymin>38</ymin>
			<xmax>221</xmax>
			<ymax>184</ymax>
		</bndbox>
	</object>
</annotation>
