<annotation>
	<folder>facemill</folder>
	<filename>fm22.jpg</filename>
	<path>D:\smartfix\bajaj crank case\training set\facemill\fm22.jpg</path>
	<source>
		<database>Unknown</database>
	</source>
	<size>
		<width>219</width>
		<height>231</height>
		<depth>3</depth>
	</size>
	<segmented>0</segmented>
	<object>
		<name>facemill</name>
		<pose>Unspecified</pose>
		<truncated>1</truncated>
		<difficult>0</difficult>
		<bndbox>
			<xmin>1</xmin>
			<ymin>15</ymin>
			<xmax>192</xmax>
			<ymax>222</ymax>
		</bndbox>
	</object>
</annotation>
