<annotation>
	<folder>facemill</folder>
	<filename>fm32.jpg</filename>
	<path>D:\smartfix\bajaj crank case\training set\facemill\fm32.jpg</path>
	<source>
		<database>Unknown</database>
	</source>
	<size>
		<width>229</width>
		<height>220</height>
		<depth>3</depth>
	</size>
	<segmented>0</segmented>
	<object>
		<name>facemill</name>
		<pose>Unspecified</pose>
		<truncated>0</truncated>
		<difficult>0</difficult>
		<bndbox>
			<xmin>9</xmin>
			<ymin>19</ymin>
			<xmax>215</xmax>
			<ymax>190</ymax>
		</bndbox>
	</object>
</annotation>
