<annotation>
	<folder>facemill</folder>
	<filename>fm36.jpg</filename>
	<path>D:\smartfix\bajaj crank case\training set\facemill\fm36.jpg</path>
	<source>
		<database>Unknown</database>
	</source>
	<size>
		<width>286</width>
		<height>176</height>
		<depth>3</depth>
	</size>
	<segmented>0</segmented>
	<object>
		<name>facemill</name>
		<pose>Unspecified</pose>
		<truncated>0</truncated>
		<difficult>0</difficult>
		<bndbox>
			<xmin>46</xmin>
			<ymin>62</ymin>
			<xmax>247</xmax>
			<ymax>161</ymax>
		</bndbox>
	</object>
</annotation>
