<annotation>
	<folder>facemill</folder>
	<filename>fm37.jpg</filename>
	<path>D:\smartfix\bajaj crank case\training set\facemill\fm37.jpg</path>
	<source>
		<database>Unknown</database>
	</source>
	<size>
		<width>277</width>
		<height>182</height>
		<depth>3</depth>
	</size>
	<segmented>0</segmented>
	<object>
		<name>facemill</name>
		<pose>Unspecified</pose>
		<truncated>0</truncated>
		<difficult>0</difficult>
		<bndbox>
			<xmin>58</xmin>
			<ymin>35</ymin>
			<xmax>224</xmax>
			<ymax>156</ymax>
		</bndbox>
	</object>
</annotation>
