<annotation>
	<folder>facemill</folder>
	<filename>fm38.jpg</filename>
	<path>D:\smartfix\bajaj crank case\training set\facemill\fm38.jpg</path>
	<source>
		<database>Unknown</database>
	</source>
	<size>
		<width>259</width>
		<height>194</height>
		<depth>3</depth>
	</size>
	<segmented>0</segmented>
	<object>
		<name>facemill</name>
		<pose>Unspecified</pose>
		<truncated>0</truncated>
		<difficult>0</difficult>
		<bndbox>
			<xmin>21</xmin>
			<ymin>2</ymin>
			<xmax>235</xmax>
			<ymax>157</ymax>
		</bndbox>
	</object>
</annotation>
