<annotation>
	<folder>facemill</folder>
	<filename>fm39.jpg</filename>
	<path>D:\smartfix\bajaj crank case\training set\facemill\fm39.jpg</path>
	<source>
		<database>Unknown</database>
	</source>
	<size>
		<width>250</width>
		<height>201</height>
		<depth>3</depth>
	</size>
	<segmented>0</segmented>
	<object>
		<name>facemill</name>
		<pose>Unspecified</pose>
		<truncated>0</truncated>
		<difficult>0</difficult>
		<bndbox>
			<xmin>11</xmin>
			<ymin>42</ymin>
			<xmax>147</xmax>
			<ymax>189</ymax>
		</bndbox>
	</object>
</annotation>
