<annotation>
	<folder>facemill</folder>
	<filename>fm42.jpg</filename>
	<path>D:\smartfix\bajaj crank case\training set\facemill\fm42.jpg</path>
	<source>
		<database>Unknown</database>
	</source>
	<size>
		<width>207</width>
		<height>243</height>
		<depth>3</depth>
	</size>
	<segmented>0</segmented>
	<object>
		<name>facemill</name>
		<pose>Unspecified</pose>
		<truncated>1</truncated>
		<difficult>0</difficult>
		<bndbox>
			<xmin>1</xmin>
			<ymin>2</ymin>
			<xmax>207</xmax>
			<ymax>153</ymax>
		</bndbox>
	</object>
</annotation>
