<annotation>
	<folder>facemill</folder>
	<filename>fm44.jpg</filename>
	<path>D:\smartfix\bajaj crank case\training set\facemill\fm44.jpg</path>
	<source>
		<database>Unknown</database>
	</source>
	<size>
		<width>255</width>
		<height>197</height>
		<depth>3</depth>
	</size>
	<segmented>0</segmented>
	<object>
		<name>facemill</name>
		<pose>Unspecified</pose>
		<truncated>1</truncated>
		<difficult>0</difficult>
		<bndbox>
			<xmin>5</xmin>
			<ymin>1</ymin>
			<xmax>255</xmax>
			<ymax>154</ymax>
		</bndbox>
	</object>
</annotation>
