<annotation>
	<folder>facemill</folder>
	<filename>fm47.jpg</filename>
	<path>D:\smartfix\bajaj crank case\training set\facemill\fm47.jpg</path>
	<source>
		<database>Unknown</database>
	</source>
	<size>
		<width>229</width>
		<height>221</height>
		<depth>3</depth>
	</size>
	<segmented>0</segmented>
	<object>
		<name>facemill</name>
		<pose>Unspecified</pose>
		<truncated>1</truncated>
		<difficult>0</difficult>
		<bndbox>
			<xmin>86</xmin>
			<ymin>12</ymin>
			<xmax>229</xmax>
			<ymax>210</ymax>
		</bndbox>
	</object>
</annotation>
