<annotation>
	<folder>facemill</folder>
	<filename>fmc3.jpg</filename>
	<path>D:\smartfix\bajaj crank case\training set\facemill\fmc3.jpg</path>
	<source>
		<database>Unknown</database>
	</source>
	<size>
		<width>600</width>
		<height>448</height>
		<depth>3</depth>
	</size>
	<segmented>0</segmented>
	<object>
		<name>facemill</name>
		<pose>Unspecified</pose>
		<truncated>0</truncated>
		<difficult>0</difficult>
		<bndbox>
			<xmin>111</xmin>
			<ymin>8</ymin>
			<xmax>464</xmax>
			<ymax>358</ymax>
		</bndbox>
	</object>
</annotation>
