<annotation>
	<folder>facemill</folder>
	<filename>fmc5.jpg</filename>
	<path>D:\smartfix\bajaj crank case\training set\facemill\fmc5.jpg</path>
	<source>
		<database>Unknown</database>
	</source>
	<size>
		<width>854</width>
		<height>854</height>
		<depth>3</depth>
	</size>
	<segmented>0</segmented>
	<object>
		<name>facemill</name>
		<pose>Unspecified</pose>
		<truncated>1</truncated>
		<difficult>0</difficult>
		<bndbox>
			<xmin>42</xmin>
			<ymin>248</ymin>
			<xmax>793</xmax>
			<ymax>854</ymax>
		</bndbox>
	</object>
</annotation>
