<annotation>
	<folder>facemill</folder>
	<filename>fmc6.jpg</filename>
	<path>D:\smartfix\bajaj crank case\training set\facemill\fmc6.jpg</path>
	<source>
		<database>Unknown</database>
	</source>
	<size>
		<width>259</width>
		<height>194</height>
		<depth>3</depth>
	</size>
	<segmented>0</segmented>
	<object>
		<name>facemill</name>
		<pose>Unspecified</pose>
		<truncated>0</truncated>
		<difficult>0</difficult>
		<bndbox>
			<xmin>89</xmin>
			<ymin>5</ymin>
			<xmax>197</xmax>
			<ymax>89</ymax>
		</bndbox>
	</object>
</annotation>
