<annotation>
	<folder>facemill</folder>
	<filename>fmc9.jpg</filename>
	<path>D:\smartfix\bajaj crank case\training set\facemill\fmc9.jpg</path>
	<source>
		<database>Unknown</database>
	</source>
	<size>
		<width>266</width>
		<height>189</height>
		<depth>3</depth>
	</size>
	<segmented>0</segmented>
	<object>
		<name>facemill</name>
		<pose>Unspecified</pose>
		<truncated>0</truncated>
		<difficult>0</difficult>
		<bndbox>
			<xmin>21</xmin>
			<ymin>34</ymin>
			<xmax>106</xmax>
			<ymax>120</ymax>
		</bndbox>
	</object>
	<object>
		<name>facemill</name>
		<pose>Unspecified</pose>
		<truncated>0</truncated>
		<difficult>0</difficult>
		<bndbox>
			<xmin>100</xmin>
			<ymin>8</ymin>
			<xmax>188</xmax>
			<ymax>100</ymax>
		</bndbox>
	</object>
	<object>
		<name>facemill</name>
		<pose>Unspecified</pose>
		<truncated>1</truncated>
		<difficult>0</difficult>
		<bndbox>
			<xmin>165</xmin>
			<ymin>1</ymin>
			<xmax>253</xmax>
			<ymax>88</ymax>
		</bndbox>
	</object>
</annotation>
