<annotation>
	<folder>boring</folder>
	<filename>bt1.jpg</filename>
	<path>D:\smartfix\bajaj crank case\training set\boring\bt1.jpg</path>
	<source>
		<database>Unknown</database>
	</source>
	<size>
		<width>259</width>
		<height>194</height>
		<depth>3</depth>
	</size>
	<segmented>0</segmented>
	<object>
		<name>boring</name>
		<pose>Unspecified</pose>
		<truncated>0</truncated>
		<difficult>0</difficult>
		<bndbox>
			<xmin>51</xmin>
			<ymin>129</ymin>
			<xmax>104</xmax>
			<ymax>165</ymax>
		</bndbox>
	</object>
	<object>
		<name>boring</name>
		<pose>Unspecified</pose>
		<truncated>0</truncated>
		<difficult>0</difficult>
		<bndbox>
			<xmin>135</xmin>
			<ymin>125</ymin>
			<xmax>185</xmax>
			<ymax>160</ymax>
		</bndbox>
	</object>
	<object>
		<name>boring</name>
		<pose>Unspecified</pose>
		<truncated>1</truncated>
		<difficult>0</difficult>
		<bndbox>
			<xmin>217</xmin>
			<ymin>123</ymin>
			<xmax>259</xmax>
			<ymax>165</ymax>
		</bndbox>
	</object>
</annotation>
