<annotation>
	<folder>boring</folder>
	<filename>bt11.jpg</filename>
	<path>D:\smartfix\bajaj crank case\training set\boring\bt11.jpg</path>
	<source>
		<database>Unknown</database>
	</source>
	<size>
		<width>359</width>
		<height>140</height>
		<depth>3</depth>
	</size>
	<segmented>0</segmented>
	<object>
		<name>boring</name>
		<pose>Unspecified</pose>
		<truncated>1</truncated>
		<difficult>0</difficult>
		<bndbox>
			<xmin>1</xmin>
			<ymin>64</ymin>
			<xmax>74</xmax>
			<ymax>140</ymax>
		</bndbox>
	</object>
</annotation>
