<annotation>
	<folder>boring</folder>
	<filename>bt18.jpg</filename>
	<path>D:\smartfix\bajaj crank case\training set\boring\bt18.jpg</path>
	<source>
		<database>Unknown</database>
	</source>
	<size>
		<width>224</width>
		<height>224</height>
		<depth>3</depth>
	</size>
	<segmented>0</segmented>
	<object>
		<name>boring</name>
		<pose>Unspecified</pose>
		<truncated>0</truncated>
		<difficult>0</difficult>
		<bndbox>
			<xmin>57</xmin>
			<ymin>4</ymin>
			<xmax>162</xmax>
			<ymax>125</ymax>
		</bndbox>
	</object>
</annotation>
