<annotation>
	<folder>boring</folder>
	<filename>bt20.jpg</filename>
	<path>D:\smartfix\bajaj crank case\training set\boring\bt20.jpg</path>
	<source>
		<database>Unknown</database>
	</source>
	<size>
		<width>225</width>
		<height>225</height>
		<depth>3</depth>
	</size>
	<segmented>0</segmented>
	<object>
		<name>boring</name>
		<pose>Unspecified</pose>
		<truncated>0</truncated>
		<difficult>0</difficult>
		<bndbox>
			<xmin>4</xmin>
			<ymin>93</ymin>
			<xmax>54</xmax>
			<ymax>141</ymax>
		</bndbox>
	</object>
</annotation>
