<annotation>
	<folder>boring</folder>
	<filename>bt22.jpg</filename>
	<path>D:\smartfix\bajaj crank case\training set\boring\bt22.jpg</path>
	<source>
		<database>Unknown</database>
	</source>
	<size>
		<width>225</width>
		<height>225</height>
		<depth>3</depth>
	</size>
	<segmented>0</segmented>
	<object>
		<name>boring</name>
		<pose>Unspecified</pose>
		<truncated>0</truncated>
		<difficult>0</difficult>
		<bndbox>
			<xmin>23</xmin>
			<ymin>104</ymin>
			<xmax>60</xmax>
			<ymax>133</ymax>
		</bndbox>
	</object>
	<object>
		<name>boring</name>
		<pose>Unspecified</pose>
		<truncated>0</truncated>
		<difficult>0</difficult>
		<bndbox>
			<xmin>57</xmin>
			<ymin>182</ymin>
			<xmax>99</xmax>
			<ymax>214</ymax>
		</bndbox>
	</object>
	<object>
		<name>boring</name>
		<pose>Unspecified</pose>
		<truncated>0</truncated>
		<difficult>0</difficult>
		<bndbox>
			<xmin>7</xmin>
			<ymin>50</ymin>
			<xmax>37</xmax>
			<ymax>84</ymax>
		</bndbox>
	</object>
</annotation>
