<annotation>
	<folder>boring</folder>
	<filename>bt24.jpg</filename>
	<path>D:\smartfix\bajaj crank case\training set\boring\bt24.jpg</path>
	<source>
		<database>Unknown</database>
	</source>
	<size>
		<width>224</width>
		<height>224</height>
		<depth>3</depth>
	</size>
	<segmented>0</segmented>
	<object>
		<name>boring</name>
		<pose>Unspecified</pose>
		<truncated>0</truncated>
		<difficult>0</difficult>
		<bndbox>
			<xmin>20</xmin>
			<ymin>98</ymin>
			<xmax>94</xmax>
			<ymax>142</ymax>
		</bndbox>
	</object>
</annotation>
