<annotation>
	<folder>boring</folder>
	<filename>bt28.jpg</filename>
	<path>D:\smartfix\bajaj crank case\training set\boring\bt28.jpg</path>
	<source>
		<database>Unknown</database>
	</source>
	<size>
		<width>259</width>
		<height>194</height>
		<depth>3</depth>
	</size>
	<segmented>0</segmented>
	<object>
		<name>boring</name>
		<pose>Unspecified</pose>
		<truncated>0</truncated>
		<difficult>0</difficult>
		<bndbox>
			<xmin>187</xmin>
			<ymin>117</ymin>
			<xmax>250</xmax>
			<ymax>188</ymax>
		</bndbox>
	</object>
</annotation>
