<annotation>
	<folder>boring</folder>
	<filename>bt31.jpg</filename>
	<path>D:\smartfix\bajaj crank case\training set\boring\bt31.jpg</path>
	<source>
		<database>Unknown</database>
	</source>
	<size>
		<width>299</width>
		<height>168</height>
		<depth>3</depth>
	</size>
	<segmented>0</segmented>
	<object>
		<name>boring</name>
		<pose>Unspecified</pose>
		<truncated>0</truncated>
		<difficult>0</difficult>
		<bndbox>
			<xmin>183</xmin>
			<ymin>49</ymin>
			<xmax>275</xmax>
			<ymax>157</ymax>
		</bndbox>
	</object>
</annotation>
