<annotation>
	<folder>boring</folder>
	<filename>bt32.jpg</filename>
	<path>D:\smartfix\bajaj crank case\training set\boring\bt32.jpg</path>
	<source>
		<database>Unknown</database>
	</source>
	<size>
		<width>479</width>
		<height>105</height>
		<depth>3</depth>
	</size>
	<segmented>0</segmented>
	<object>
		<name>boring</name>
		<pose>Unspecified</pose>
		<truncated>1</truncated>
		<difficult>0</difficult>
		<bndbox>
			<xmin>3</xmin>
			<ymin>20</ymin>
			<xmax>196</xmax>
			<ymax>105</ymax>
		</bndbox>
	</object>
</annotation>
