<annotation>
	<folder>boring</folder>
	<filename>bt41.jpg</filename>
	<path>D:\smartfix\bajaj crank case\training set\boring\bt41.jpg</path>
	<source>
		<database>Unknown</database>
	</source>
	<size>
		<width>224</width>
		<height>224</height>
		<depth>3</depth>
	</size>
	<segmented>0</segmented>
	<object>
		<name>boring</name>
		<pose>Unspecified</pose>
		<truncated>0</truncated>
		<difficult>0</difficult>
		<bndbox>
			<xmin>43</xmin>
			<ymin>171</ymin>
			<xmax>81</xmax>
			<ymax>199</ymax>
		</bndbox>
	</object>
	<object>
		<name>boring</name>
		<pose>Unspecified</pose>
		<truncated>0</truncated>
		<difficult>0</difficult>
		<bndbox>
			<xmin>89</xmin>
			<ymin>123</ymin>
			<xmax>126</xmax>
			<ymax>156</ymax>
		</bndbox>
	</object>
</annotation>
