<annotation>
	<folder>boring</folder>
	<filename>bt42.png</filename>
	<path>D:\smartfix\bajaj crank case\training set\boring\bt42.png</path>
	<source>
		<database>Unknown</database>
	</source>
	<size>
		<width>225</width>
		<height>225</height>
		<depth>3</depth>
	</size>
	<segmented>0</segmented>
	<object>
		<name>boring</name>
		<pose>Unspecified</pose>
		<truncated>1</truncated>
		<difficult>0</difficult>
		<bndbox>
			<xmin>184</xmin>
			<ymin>102</ymin>
			<xmax>225</xmax>
			<ymax>148</ymax>
		</bndbox>
	</object>
</annotation>
