<annotation>
	<folder>boring</folder>
	<filename>bt43.png</filename>
	<path>D:\smartfix\bajaj crank case\training set\boring\bt43.png</path>
	<source>
		<database>Unknown</database>
	</source>
	<size>
		<width>259</width>
		<height>194</height>
		<depth>3</depth>
	</size>
	<segmented>0</segmented>
	<object>
		<name>boring</name>
		<pose>Unspecified</pose>
		<truncated>0</truncated>
		<difficult>0</difficult>
		<bndbox>
			<xmin>2</xmin>
			<ymin>2</ymin>
			<xmax>36</xmax>
			<ymax>23</ymax>
		</bndbox>
	</object>
	<object>
		<name>boring</name>
		<pose>Unspecified</pose>
		<truncated>1</truncated>
		<difficult>0</difficult>
		<bndbox>
			<xmin>1</xmin>
			<ymin>30</ymin>
			<xmax>36</xmax>
			<ymax>58</ymax>
		</bndbox>
	</object>
	<object>
		<name>boring</name>
		<pose>Unspecified</pose>
		<truncated>0</truncated>
		<difficult>0</difficult>
		<bndbox>
			<xmin>3</xmin>
			<ymin>60</ymin>
			<xmax>34</xmax>
			<ymax>86</ymax>
		</bndbox>
	</object>
	<object>
		<name>boring</name>
		<pose>Unspecified</pose>
		<truncated>0</truncated>
		<difficult>0</difficult>
		<bndbox>
			<xmin>2</xmin>
			<ymin>90</ymin>
			<xmax>32</xmax>
			<ymax>114</ymax>
		</bndbox>
	</object>
	<object>
		<name>boring</name>
		<pose>Unspecified</pose>
		<truncated>1</truncated>
		<difficult>0</difficult>
		<bndbox>
			<xmin>1</xmin>
			<ymin>117</ymin>
			<xmax>32</xmax>
			<ymax>137</ymax>
		</bndbox>
	</object>
	<object>
		<name>boring</name>
		<pose>Unspecified</pose>
		<truncated>1</truncated>
		<difficult>0</difficult>
		<bndbox>
			<xmin>121</xmin>
			<ymin>1</ymin>
			<xmax>154</xmax>
			<ymax>22</ymax>
		</bndbox>
	</object>
	<object>
		<name>boring</name>
		<pose>Unspecified</pose>
		<truncated>0</truncated>
		<difficult>0</difficult>
		<bndbox>
			<xmin>123</xmin>
			<ymin>25</ymin>
			<xmax>161</xmax>
			<ymax>54</ymax>
		</bndbox>
	</object>
	<object>
		<name>boring</name>
		<pose>Unspecified</pose>
		<truncated>0</truncated>
		<difficult>0</difficult>
		<bndbox>
			<xmin>126</xmin>
			<ymin>54</ymin>
			<xmax>160</xmax>
			<ymax>81</ymax>
		</bndbox>
	</object>
	<object>
		<name>boring</name>
		<pose>Unspecified</pose>
		<truncated>0</truncated>
		<difficult>0</difficult>
		<bndbox>
			<xmin>130</xmin>
			<ymin>87</ymin>
			<xmax>158</xmax>
			<ymax>110</ymax>
		</bndbox>
	</object>
	<object>
		<name>boring</name>
		<pose>Unspecified</pose>
		<truncated>0</truncated>
		<difficult>0</difficult>
		<bndbox>
			<xmin>124</xmin>
			<ymin>116</ymin>
			<xmax>154</xmax>
			<ymax>142</ymax>
		</bndbox>
	</object>
</annotation>
