<annotation>
	<folder>boring</folder>
	<filename>bt47.jpg</filename>
	<path>D:\smartfix\bajaj crank case\training set\boring\bt47.jpg</path>
	<source>
		<database>Unknown</database>
	</source>
	<size>
		<width>267</width>
		<height>188</height>
		<depth>3</depth>
	</size>
	<segmented>0</segmented>
	<object>
		<name>boring</name>
		<pose>Unspecified</pose>
		<truncated>0</truncated>
		<difficult>0</difficult>
		<bndbox>
			<xmin>91</xmin>
			<ymin>67</ymin>
			<xmax>126</xmax>
			<ymax>106</ymax>
		</bndbox>
	</object>
	<object>
		<name>boring</name>
		<pose>Unspecified</pose>
		<truncated>0</truncated>
		<difficult>0</difficult>
		<bndbox>
			<xmin>139</xmin>
			<ymin>42</ymin>
			<xmax>182</xmax>
			<ymax>93</ymax>
		</bndbox>
	</object>
</annotation>
