<annotation>
	<folder>boring</folder>
	<filename>bt48.jpg</filename>
	<path>D:\smartfix\bajaj crank case\training set\boring\bt48.jpg</path>
	<source>
		<database>Unknown</database>
	</source>
	<size>
		<width>217</width>
		<height>233</height>
		<depth>3</depth>
	</size>
	<segmented>0</segmented>
	<object>
		<name>boring</name>
		<pose>Unspecified</pose>
		<truncated>0</truncated>
		<difficult>0</difficult>
		<bndbox>
			<xmin>31</xmin>
			<ymin>74</ymin>
			<xmax>57</xmax>
			<ymax>116</ymax>
		</bndbox>
	</object>
	<object>
		<name>boring</name>
		<pose>Unspecified</pose>
		<truncated>0</truncated>
		<difficult>0</difficult>
		<bndbox>
			<xmin>56</xmin>
			<ymin>29</ymin>
			<xmax>91</xmax>
			<ymax>65</ymax>
		</bndbox>
	</object>
	<object>
		<name>boring</name>
		<pose>Unspecified</pose>
		<truncated>0</truncated>
		<difficult>0</difficult>
		<bndbox>
			<xmin>85</xmin>
			<ymin>66</ymin>
			<xmax>113</xmax>
			<ymax>116</ymax>
		</bndbox>
	</object>
	<object>
		<name>boring</name>
		<pose>Unspecified</pose>
		<truncated>0</truncated>
		<difficult>0</difficult>
		<bndbox>
			<xmin>110</xmin>
			<ymin>5</ymin>
			<xmax>146</xmax>
			<ymax>55</ymax>
		</bndbox>
	</object>
	<object>
		<name>boring</name>
		<pose>Unspecified</pose>
		<truncated>0</truncated>
		<difficult>0</difficult>
		<bndbox>
			<xmin>136</xmin>
			<ymin>53</ymin>
			<xmax>173</xmax>
			<ymax>97</ymax>
		</bndbox>
	</object>
	<object>
		<name>boring</name>
		<pose>Unspecified</pose>
		<truncated>1</truncated>
		<difficult>0</difficult>
		<bndbox>
			<xmin>162</xmin>
			<ymin>1</ymin>
			<xmax>198</xmax>
			<ymax>43</ymax>
		</bndbox>
	</object>
</annotation>
