<annotation>
	<folder>boring</folder>
	<filename>bt50.jpg</filename>
	<path>D:\smartfix\bajaj crank case\training set\boring\bt50.jpg</path>
	<source>
		<database>Unknown</database>
	</source>
	<size>
		<width>284</width>
		<height>177</height>
		<depth>1</depth>
	</size>
	<segmented>0</segmented>
	<object>
		<name>boring</name>
		<pose>Unspecified</pose>
		<truncated>1</truncated>
		<difficult>0</difficult>
		<bndbox>
			<xmin>234</xmin>
			<ymin>112</ymin>
			<xmax>284</xmax>
			<ymax>172</ymax>
		</bndbox>
	</object>
</annotation>
