<annotation>
	<folder>boring</folder>
	<filename>bt6.jpg</filename>
	<path>D:\smartfix\bajaj crank case\training set\boring\bt6.jpg</path>
	<source>
		<database>Unknown</database>
	</source>
	<size>
		<width>259</width>
		<height>194</height>
		<depth>3</depth>
	</size>
	<segmented>0</segmented>
	<object>
		<name>boring</name>
		<pose>Unspecified</pose>
		<truncated>0</truncated>
		<difficult>0</difficult>
		<bndbox>
			<xmin>103</xmin>
			<ymin>17</ymin>
			<xmax>150</xmax>
			<ymax>73</ymax>
		</bndbox>
	</object>
</annotation>
