<annotation>
	<folder>boring</folder>
	<filename>bt9.jpg</filename>
	<path>D:\smartfix\bajaj crank case\training set\boring\bt9.jpg</path>
	<source>
		<database>Unknown</database>
	</source>
	<size>
		<width>225</width>
		<height>225</height>
		<depth>3</depth>
	</size>
	<segmented>0</segmented>
	<object>
		<name>boring</name>
		<pose>Unspecified</pose>
		<truncated>0</truncated>
		<difficult>0</difficult>
		<bndbox>
			<xmin>54</xmin>
			<ymin>5</ymin>
			<xmax>91</xmax>
			<ymax>48</ymax>
		</bndbox>
	</object>
	<object>
		<name>boring</name>
		<pose>Unspecified</pose>
		<truncated>0</truncated>
		<difficult>0</difficult>
		<bndbox>
			<xmin>87</xmin>
			<ymin>10</ymin>
			<xmax>112</xmax>
			<ymax>45</ymax>
		</bndbox>
	</object>
	<object>
		<name>boring</name>
		<pose>Unspecified</pose>
		<truncated>0</truncated>
		<difficult>0</difficult>
		<bndbox>
			<xmin>110</xmin>
			<ymin>3</ymin>
			<xmax>147</xmax>
			<ymax>44</ymax>
		</bndbox>
	</object>
	<object>
		<name>boring</name>
		<pose>Unspecified</pose>
		<truncated>0</truncated>
		<difficult>0</difficult>
		<bndbox>
			<xmin>139</xmin>
			<ymin>4</ymin>
			<xmax>170</xmax>
			<ymax>44</ymax>
		</bndbox>
	</object>
	<object>
		<name>boring</name>
		<pose>Unspecified</pose>
		<truncated>0</truncated>
		<difficult>0</difficult>
		<bndbox>
			<xmin>168</xmin>
			<ymin>4</ymin>
			<xmax>210</xmax>
			<ymax>35</ymax>
		</bndbox>
	</object>
</annotation>
