<annotation>
	<folder>drilling</folder>
	<filename>dt13.jpg</filename>
	<path>D:\smartfix\bajaj crank case\training set\drilling\dt13.jpg</path>
	<source>
		<database>Unknown</database>
	</source>
	<size>
		<width>264</width>
		<height>191</height>
		<depth>3</depth>
	</size>
	<segmented>0</segmented>
	<object>
		<name>drilling</name>
		<pose>Unspecified</pose>
		<truncated>0</truncated>
		<difficult>0</difficult>
		<bndbox>
			<xmin>65</xmin>
			<ymin>70</ymin>
			<xmax>89</xmax>
			<ymax>133</ymax>
		</bndbox>
	</object>
	<object>
		<name>drilling</name>
		<pose>Unspecified</pose>
		<truncated>0</truncated>
		<difficult>0</difficult>
		<bndbox>
			<xmin>89</xmin>
			<ymin>63</ymin>
			<xmax>109</xmax>
			<ymax>129</ymax>
		</bndbox>
	</object>
	<object>
		<name>drilling</name>
		<pose>Unspecified</pose>
		<truncated>0</truncated>
		<difficult>0</difficult>
		<bndbox>
			<xmin>147</xmin>
			<ymin>36</ymin>
			<xmax>173</xmax>
			<ymax>142</ymax>
		</bndbox>
	</object>
</annotation>
