<annotation>
	<folder>drilling</folder>
	<filename>dt16.jpg</filename>
	<path>D:\smartfix\bajaj crank case\training set\drilling\dt16.jpg</path>
	<source>
		<database>Unknown</database>
	</source>
	<size>
		<width>225</width>
		<height>225</height>
		<depth>3</depth>
	</size>
	<segmented>0</segmented>
	<object>
		<name>drilling</name>
		<pose>Unspecified</pose>
		<truncated>1</truncated>
		<difficult>0</difficult>
		<bndbox>
			<xmin>17</xmin>
			<ymin>1</ymin>
			<xmax>209</xmax>
			<ymax>175</ymax>
		</bndbox>
	</object>
</annotation>
