<annotation>
	<folder>drilling</folder>
	<filename>dt19.jpg</filename>
	<path>D:\smartfix\bajaj crank case\training set\drilling\dt19.jpg</path>
	<source>
		<database>Unknown</database>
	</source>
	<size>
		<width>283</width>
		<height>178</height>
		<depth>1</depth>
	</size>
	<segmented>0</segmented>
	<object>
		<name>drilling</name>
		<pose>Unspecified</pose>
		<truncated>0</truncated>
		<difficult>0</difficult>
		<bndbox>
			<xmin>195</xmin>
			<ymin>91</ymin>
			<xmax>281</xmax>
			<ymax>174</ymax>
		</bndbox>
	</object>
</annotation>
