<annotation>
	<folder>drilling</folder>
	<filename>dt2.jpg</filename>
	<path>D:\smartfix\bajaj crank case\training set\drilling\dt2.jpg</path>
	<source>
		<database>Unknown</database>
	</source>
	<size>
		<width>224</width>
		<height>224</height>
		<depth>3</depth>
	</size>
	<segmented>0</segmented>
	<object>
		<name>drilling</name>
		<pose>Unspecified</pose>
		<truncated>1</truncated>
		<difficult>0</difficult>
		<bndbox>
			<xmin>70</xmin>
			<ymin>59</ymin>
			<xmax>224</xmax>
			<ymax>203</ymax>
		</bndbox>
	</object>
</annotation>
