<annotation>
	<folder>drilling</folder>
	<filename>dt25.jpg</filename>
	<path>D:\smartfix\bajaj crank case\training set\drilling\dt25.jpg</path>
	<source>
		<database>Unknown</database>
	</source>
	<size>
		<width>273</width>
		<height>184</height>
		<depth>3</depth>
	</size>
	<segmented>0</segmented>
	<object>
		<name>drilling</name>
		<pose>Unspecified</pose>
		<truncated>0</truncated>
		<difficult>0</difficult>
		<bndbox>
			<xmin>62</xmin>
			<ymin>43</ymin>
			<xmax>104</xmax>
			<ymax>105</ymax>
		</bndbox>
	</object>
	<object>
		<name>drilling</name>
		<pose>Unspecified</pose>
		<truncated>0</truncated>
		<difficult>0</difficult>
		<bndbox>
			<xmin>110</xmin>
			<ymin>40</ymin>
			<xmax>155</xmax>
			<ymax>110</ymax>
		</bndbox>
	</object>
	<object>
		<name>drilling</name>
		<pose>Unspecified</pose>
		<truncated>0</truncated>
		<difficult>0</difficult>
		<bndbox>
			<xmin>167</xmin>
			<ymin>3</ymin>
			<xmax>232</xmax>
			<ymax>85</ymax>
		</bndbox>
	</object>
</annotation>
