<annotation>
	<folder>drilling</folder>
	<filename>dt36.jpg</filename>
	<path>D:\smartfix\bajaj crank case\training set\drilling\dt36.jpg</path>
	<source>
		<database>Unknown</database>
	</source>
	<size>
		<width>266</width>
		<height>190</height>
		<depth>3</depth>
	</size>
	<segmented>0</segmented>
	<object>
		<name>drilling</name>
		<pose>Unspecified</pose>
		<truncated>0</truncated>
		<difficult>0</difficult>
		<bndbox>
			<xmin>97</xmin>
			<ymin>3</ymin>
			<xmax>135</xmax>
			<ymax>76</ymax>
		</bndbox>
	</object>
	<object>
		<name>drilling</name>
		<pose>Unspecified</pose>
		<truncated>0</truncated>
		<difficult>0</difficult>
		<bndbox>
			<xmin>146</xmin>
			<ymin>3</ymin>
			<xmax>180</xmax>
			<ymax>77</ymax>
		</bndbox>
	</object>
</annotation>
