<annotation>
	<folder>drilling</folder>
	<filename>dt42.jpg</filename>
	<path>D:\smartfix\bajaj crank case\training set\drilling\dt42.jpg</path>
	<source>
		<database>Unknown</database>
	</source>
	<size>
		<width>404</width>
		<height>125</height>
		<depth>3</depth>
	</size>
	<segmented>0</segmented>
	<object>
		<name>drilling</name>
		<pose>Unspecified</pose>
		<truncated>0</truncated>
		<difficult>0</difficult>
		<bndbox>
			<xmin>192</xmin>
			<ymin>6</ymin>
			<xmax>235</xmax>
			<ymax>66</ymax>
		</bndbox>
	</object>
</annotation>
