<annotation>
	<folder>drilling</folder>
	<filename>dt47.jpg</filename>
	<path>D:\smartfix\bajaj crank case\training set\drilling\dt47.jpg</path>
	<source>
		<database>Unknown</database>
	</source>
	<size>
		<width>259</width>
		<height>194</height>
		<depth>3</depth>
	</size>
	<segmented>0</segmented>
	<object>
		<name>drilling</name>
		<pose>Unspecified</pose>
		<truncated>0</truncated>
		<difficult>0</difficult>
		<bndbox>
			<xmin>2</xmin>
			<ymin>104</ymin>
			<xmax>248</xmax>
			<ymax>161</ymax>
		</bndbox>
	</object>
</annotation>
