<annotation>
	<folder>drilling</folder>
	<filename>dt50.jpg</filename>
	<path>D:\smartfix\bajaj crank case\training set\drilling\dt50.jpg</path>
	<source>
		<database>Unknown</database>
	</source>
	<size>
		<width>288</width>
		<height>175</height>
		<depth>3</depth>
	</size>
	<segmented>0</segmented>
	<object>
		<name>drilling</name>
		<pose>Unspecified</pose>
		<truncated>1</truncated>
		<difficult>0</difficult>
		<bndbox>
			<xmin>1</xmin>
			<ymin>98</ymin>
			<xmax>95</xmax>
			<ymax>166</ymax>
		</bndbox>
	</object>
</annotation>
