<annotation>
	<folder>drilling</folder>
	<filename>dt8.jpg</filename>
	<path>D:\smartfix\bajaj crank case\training set\drilling\dt8.jpg</path>
	<source>
		<database>Unknown</database>
	</source>
	<size>
		<width>279</width>
		<height>181</height>
		<depth>3</depth>
	</size>
	<segmented>0</segmented>
	<object>
		<name>drilling</name>
		<pose>Unspecified</pose>
		<truncated>1</truncated>
		<difficult>0</difficult>
		<bndbox>
			<xmin>106</xmin>
			<ymin>11</ymin>
			<xmax>279</xmax>
			<ymax>147</ymax>
		</bndbox>
	</object>
</annotation>
