<annotation>
	<folder>facemill</folder>
	<filename>fm16.jpg</filename>
	<path>D:\smartfix\bajaj crank case\training set\facemill\fm16.jpg</path>
	<source>
		<database>Unknown</database>
	</source>
	<size>
		<width>233</width>
		<height>216</height>
		<depth>3</depth>
	</size>
	<segmented>0</segmented>
	<object>
		<name>facemill</name>
		<pose>Unspecified</pose>
		<truncated>0</truncated>
		<difficult>0</difficult>
		<bndbox>
			<xmin>3</xmin>
			<ymin>12</ymin>
			<xmax>164</xmax>
			<ymax>207</ymax>
		</bndbox>
	</object>
</annotation>
