<annotation>
	<folder>facemill</folder>
	<filename>fm18.jpg</filename>
	<path>D:\smartfix\bajaj crank case\training set\facemill\fm18.jpg</path>
	<source>
		<database>Unknown</database>
	</source>
	<size>
		<width>225</width>
		<height>225</height>
		<depth>3</depth>
	</size>
	<segmented>0</segmented>
	<object>
		<name>facemill</name>
		<pose>Unspecified</pose>
		<truncated>0</truncated>
		<difficult>0</difficult>
		<bndbox>
			<xmin>6</xmin>
			<ymin>12</ymin>
			<xmax>208</xmax>
			<ymax>150</ymax>
		</bndbox>
	</object>
</annotation>
