<annotation>
	<folder>facemill</folder>
	<filename>fm21.jpg</filename>
	<path>D:\smartfix\bajaj crank case\training set\facemill\fm21.jpg</path>
	<source>
		<database>Unknown</database>
	</source>
	<size>
		<width>275</width>
		<height>183</height>
		<depth>3</depth>
	</size>
	<segmented>0</segmented>
	<object>
		<name>facemill</name>
		<pose>Unspecified</pose>
		<truncated>0</truncated>
		<difficult>0</difficult>
		<bndbox>
			<xmin>76</xmin>
			<ymin>16</ymin>
			<xmax>210</xmax>
			<ymax>142</ymax>
		</bndbox>
	</object>
</annotation>
