<annotation>
	<folder>facemill</folder>
	<filename>fm25.jpg</filename>
	<path>D:\smartfix\bajaj crank case\training set\facemill\fm25.jpg</path>
	<source>
		<database>Unknown</database>
	</source>
	<size>
		<width>254</width>
		<height>199</height>
		<depth>3</depth>
	</size>
	<segmented>0</segmented>
	<object>
		<name>facemill</name>
		<pose>Unspecified</pose>
		<truncated>1</truncated>
		<difficult>0</difficult>
		<bndbox>
			<xmin>1</xmin>
			<ymin>49</ymin>
			<xmax>142</xmax>
			<ymax>192</ymax>
		</bndbox>
	</object>
</annotation>
