<annotation>
	<folder>facemill</folder>
	<filename>fm34.jpg</filename>
	<path>D:\smartfix\bajaj crank case\training set\facemill\fm34.jpg</path>
	<source>
		<database>Unknown</database>
	</source>
	<size>
		<width>227</width>
		<height>222</height>
		<depth>3</depth>
	</size>
	<segmented>0</segmented>
	<object>
		<name>facemill</name>
		<pose>Unspecified</pose>
		<truncated>1</truncated>
		<difficult>0</difficult>
		<bndbox>
			<xmin>3</xmin>
			<ymin>2</ymin>
			<xmax>227</xmax>
			<ymax>155</ymax>
		</bndbox>
	</object>
</annotation>
