<annotation>
	<folder>facemill</folder>
	<filename>fm43.jpg</filename>
	<path>D:\smartfix\bajaj crank case\training set\facemill\fm43.jpg</path>
	<source>
		<database>Unknown</database>
	</source>
	<size>
		<width>291</width>
		<height>173</height>
		<depth>3</depth>
	</size>
	<segmented>0</segmented>
	<object>
		<name>facemill</name>
		<pose>Unspecified</pose>
		<truncated>0</truncated>
		<difficult>0</difficult>
		<bndbox>
			<xmin>39</xmin>
			<ymin>12</ymin>
			<xmax>122</xmax>
			<ymax>110</ymax>
		</bndbox>
	</object>
	<object>
		<name>facemill</name>
		<pose>Unspecified</pose>
		<truncated>0</truncated>
		<difficult>0</difficult>
		<bndbox>
			<xmin>115</xmin>
			<ymin>68</ymin>
			<xmax>189</xmax>
			<ymax>127</ymax>
		</bndbox>
	</object>
</annotation>
