<annotation>
	<folder>facemill</folder>
	<filename>fm46.jpg</filename>
	<path>D:\smartfix\bajaj crank case\training set\facemill\fm46.jpg</path>
	<source>
		<database>Unknown</database>
	</source>
	<size>
		<width>259</width>
		<height>194</height>
		<depth>3</depth>
	</size>
	<segmented>0</segmented>
	<object>
		<name>facemill</name>
		<pose>Unspecified</pose>
		<truncated>1</truncated>
		<difficult>0</difficult>
		<bndbox>
			<xmin>33</xmin>
			<ymin>1</ymin>
			<xmax>234</xmax>
			<ymax>160</ymax>
		</bndbox>
	</object>
</annotation>
