<annotation>
	<folder>facemill</folder>
	<filename>fm54.jpg</filename>
	<path>D:\smartfix\bajaj crank case\training set\facemill\fm54.jpg</path>
	<source>
		<database>Unknown</database>
	</source>
	<size>
		<width>266</width>
		<height>189</height>
		<depth>3</depth>
	</size>
	<segmented>0</segmented>
	<object>
		<name>facemill</name>
		<pose>Unspecified</pose>
		<truncated>0</truncated>
		<difficult>0</difficult>
		<bndbox>
			<xmin>13</xmin>
			<ymin>29</ymin>
			<xmax>109</xmax>
			<ymax>115</ymax>
		</bndbox>
	</object>
	<object>
		<name>facemill</name>
		<pose>Unspecified</pose>
		<truncated>0</truncated>
		<difficult>0</difficult>
		<bndbox>
			<xmin>90</xmin>
			<ymin>9</ymin>
			<xmax>186</xmax>
			<ymax>96</ymax>
		</bndbox>
	</object>
	<object>
		<name>facemill</name>
		<pose>Unspecified</pose>
		<truncated>1</truncated>
		<difficult>0</difficult>
		<bndbox>
			<xmin>166</xmin>
			<ymin>1</ymin>
			<xmax>257</xmax>
			<ymax>79</ymax>
		</bndbox>
	</object>
</annotation>
