<annotation>
	<folder>facemill</folder>
	<filename>fmc11.jpg</filename>
	<path>D:\smartfix\bajaj crank case\training set\facemill\fmc11.jpg</path>
	<source>
		<database>Unknown</database>
	</source>
	<size>
		<width>400</width>
		<height>280</height>
		<depth>3</depth>
	</size>
	<segmented>0</segmented>
	<object>
		<name>facemill</name>
		<pose>Unspecified</pose>
		<truncated>0</truncated>
		<difficult>0</difficult>
		<bndbox>
			<xmin>106</xmin>
			<ymin>88</ymin>
			<xmax>251</xmax>
			<ymax>202</ymax>
		</bndbox>
	</object>
	<object>
		<name>facemill</name>
		<pose>Unspecified</pose>
		<truncated>0</truncated>
		<difficult>0</difficult>
		<bndbox>
			<xmin>223</xmin>
			<ymin>141</ymin>
			<xmax>354</xmax>
			<ymax>232</ymax>
		</bndbox>
	</object>
	<object>
		<name>facemill</name>
		<pose>Unspecified</pose>
		<truncated>0</truncated>
		<difficult>0</difficult>
		<bndbox>
			<xmin>291</xmin>
			<ymin>41</ymin>
			<xmax>388</xmax>
			<ymax>135</ymax>
		</bndbox>
	</object>
</annotation>
