<annotation>
	<folder>facemill</folder>
	<filename>fmc10.jpg</filename>
	<path>D:\smartfix\bajaj crank case\training set\facemill\fmc10.jpg</path>
	<source>
		<database>Unknown</database>
	</source>
	<size>
		<width>1000</width>
		<height>1000</height>
		<depth>3</depth>
	</size>
	<segmented>0</segmented>
	<object>
		<name>facemill</name>
		<pose>Unspecified</pose>
		<truncated>0</truncated>
		<difficult>0</difficult>
		<bndbox>
			<xmin>85</xmin>
			<ymin>52</ymin>
			<xmax>945</xmax>
			<ymax>765</ymax>
		</bndbox>
	</object>
</annotation>
