<annotation>
	<folder>facemill</folder>
	<filename>fmc15.jpg</filename>
	<path>D:\smartfix\bajaj crank case\training set\facemill\fmc15.jpg</path>
	<source>
		<database>Unknown</database>
	</source>
	<size>
		<width>223</width>
		<height>226</height>
		<depth>3</depth>
	</size>
	<segmented>0</segmented>
	<object>
		<name>facemill</name>
		<pose>Unspecified</pose>
		<truncated>1</truncated>
		<difficult>0</difficult>
		<bndbox>
			<xmin>46</xmin>
			<ymin>4</ymin>
			<xmax>223</xmax>
			<ymax>221</ymax>
		</bndbox>
	</object>
</annotation>
