<annotation>
	<folder>facemill</folder>
	<filename>fmc2.jpeg</filename>
	<path>D:\smartfix\bajaj crank case\training set\facemill\fmc2.jpeg</path>
	<source>
		<database>Unknown</database>
	</source>
	<size>
		<width>1280</width>
		<height>960</height>
		<depth>3</depth>
	</size>
	<segmented>0</segmented>
	<object>
		<name>facemill</name>
		<pose>Unspecified</pose>
		<truncated>1</truncated>
		<difficult>0</difficult>
		<bndbox>
			<xmin>158</xmin>
			<ymin>1</ymin>
			<xmax>1169</xmax>
			<ymax>766</ymax>
		</bndbox>
	</object>
</annotation>
