<annotation>
	<folder>facemill</folder>
	<filename>fmc4.jpg</filename>
	<path>D:\smartfix\bajaj crank case\training set\facemill\fmc4.jpg</path>
	<source>
		<database>Unknown</database>
	</source>
	<size>
		<width>400</width>
		<height>285</height>
		<depth>3</depth>
	</size>
	<segmented>0</segmented>
	<object>
		<name>facemill</name>
		<pose>Unspecified</pose>
		<truncated>1</truncated>
		<difficult>0</difficult>
		<bndbox>
			<xmin>29</xmin>
			<ymin>3</ymin>
			<xmax>400</xmax>
			<ymax>182</ymax>
		</bndbox>
	</object>
</annotation>
