<annotation>
	<folder>facemill</folder>
	<filename>fmc7.jpg</filename>
	<path>D:\smartfix\bajaj crank case\training set\facemill\fmc7.jpg</path>
	<source>
		<database>Unknown</database>
	</source>
	<size>
		<width>1024</width>
		<height>1024</height>
		<depth>3</depth>
	</size>
	<segmented>0</segmented>
	<object>
		<name>facemill</name>
		<pose>Unspecified</pose>
		<truncated>0</truncated>
		<difficult>0</difficult>
		<bndbox>
			<xmin>92</xmin>
			<ymin>308</ymin>
			<xmax>966</xmax>
			<ymax>905</ymax>
		</bndbox>
	</object>
</annotation>
