<annotation>
	<folder>facemill</folder>
	<filename>fmc8.jpg</filename>
	<path>D:\smartfix\bajaj crank case\training set\facemill\fmc8.jpg</path>
	<source>
		<database>Unknown</database>
	</source>
	<size>
		<width>800</width>
		<height>800</height>
		<depth>3</depth>
	</size>
	<segmented>0</segmented>
	<object>
		<name>facemill</name>
		<pose>Unspecified</pose>
		<truncated>0</truncated>
		<difficult>0</difficult>
		<bndbox>
			<xmin>95</xmin>
			<ymin>13</ymin>
			<xmax>735</xmax>
			<ymax>590</ymax>
		</bndbox>
	</object>
</annotation>
